Model,Abstract_ID,Generated_Indication,Ground_Truth,Text_Similarity,BLEU_Score,Cosine_Similarity,Exact_Match,Word_Overlap,Length_Ratio
default_model,393216,Locally Advanced Rectal Cancer,Locally Advanced Rectal Cancer,1.0,1.0,1.0,True,1.0,1.0
default_model,393219,Microsatellite Stable Locally Advanced Rectal Cancer,Microsatellite Stable Locally Advanced Rectal Cancer,1.0,1.0,1.0000000000000002,True,1.0,1.0
default_model,147461,Ultra High-Risk Myeloma;;Plasma Cell Leukemia,Ultra High-Risk Myeloma;;Plasma Cell Leukemia,1.0,1.0,1.0000000000000004,True,1.0,1.0
default_model,147482,First-Line Myelofibrosis;;Previously Treated Myelofibrosis,First-Line Myelofibrosis,0.5853658536585366,0.09554427922043669,0.732104920251224,False,1.0,2.4166666666666665
default_model,180260,RUNX1-Familial Platelet Disorder;;Myeloid Malignancy;;Clonal Hematopoiesis,RUNX1-Familial Platelet Disorder;;Myeloid Malignancy,0.8253968253968254,0.26591479484724945,0.7765145304745156,False,0.75,1.4230769230769231
default_model,147495,Sickle Cell Disease,Sickle Cell Disease,1.0,0.5623413251903491,1.0000000000000002,True,1.0,1.0
default_model,262190,Wild-Type Bruton Tyrosine Kinase B-Cell Malignancy;;C481S-Mutated Bruton Tyrosine Kinase B-Cell Malignancy,B-Cell Malignancy,0.2764227642276423,0.03986357128268015,0.44943641652398214,False,1.0,6.235294117647059
default_model,327727,Newly Diagnosed Acute Myeloid Leukemia,Newly Diagnosed Acute Myeloid Leukemia,1.0,1.0,1.0000000000000002,True,1.0,1.0
default_model,327732,Adult UBTF Tandem Duplication Acute Myeloid Leukemia,Adult Acute Myeloid Leukemia,0.7,0.17567205239427922,0.6348087971775132,False,1.0,1.8571428571428572
default_model,147508,Chronic Graft-Versus Host Disease,Chronic Graft-Versus Host Disease,1.0,1.0,1.0000000000000002,True,1.0,1.0
default_model,213047,Older Adult Parkinson's Disease,Elderly Parkinson's Disease,0.8620689655172413,0.16990442448471224,0.4112070550676187,False,0.6666666666666666,1.1481481481481481
default_model,327741,NPM1-Mutated Acute Myeloid Leukemia;;FLT3-ITD-High Acute Myeloid Leukemia;;FLT3-ITD-Low Acute Myeloid Leukemia;;FLT3-TKD-Mutated Acute Myeloid Leukemia;;Elderly Acute Myeloid Leukemia,NPM1-Mutant Acute Myeloid Leukemia,0.30414746543778803,0.06087895024805787,0.6038837395433218,False,0.75,5.382352941176471
default_model,180285,Severe Aplastic Anemia,Severe Aplastic Anemia,1.0,0.5623413251903491,1.0000000000000002,True,1.0,1.0
default_model,294973,First-Line Gastroesophageal Cancer,First-Line Gastrointestinal Cancer,0.8235294117647058,0.13512001548070346,0.6029748160380571,False,0.6666666666666666,1.0
default_model,262206,Second-Line Elderly Chronic Myeloid Leukemia,Second-Line Elderly Chronic Myeloid Leukemia,1.0,1.0,1.0000000000000002,True,1.0,1.0
default_model,147521,Pediatric Acute Lymphoblastic Leukemia;;Young Adult Acute Lymphoblastic Leukemia,Pediatric Young Adult Venous Thromboembolism,0.46774193548387094,0.03303164318013808,0.22020138715358503,False,0.4,1.8181818181818181
default_model,393283,Advanced Malignant Tumor,Advanced Malignant Tumor,1.0,0.5623413251903491,1.0000000000000002,True,1.0,1.0
default_model,262209,Chronic Myeloid Leukemia;;Ph Chromosome-Positive Acute Lymphoblastic Leukemia,Chronic Myeloid Leukemia;;Ph Chromosome-Positive Acute Lymphoblastic Leukemia,1.0,1.0,1.0000000000000002,True,1.0,1.0
default_model,180298,Paroxysmal Nocturnal Hemoglobinuria,Paroxysmal Nocturnal Hemoglobinuria,1.0,0.5623413251903491,1.0000000000000002,True,1.0,1.0
default_model,393291,Cancer,Cancer,1.0,0.1778279410038923,1.0,True,1.0,1.0
default_model,180300,Adult Late Onset Telomere Biology Disorder,Adult Late-Onset Telomere Biology Disorder,0.9761904761904762,0.21711852081087685,1.0000000000000002,False,0.8,1.0
default_model,327760,Newly Diagnosed IDH/TP53 Co-Mutated Acute Myeloid Leukemia,Newly Diagnosed IDH-Mutated TP53-Mutated Acute Myeloid Leukemia,0.8925619834710744,0.20556680845025987,0.8591766858581812,False,0.7142857142857143,0.9206349206349206
default_model,311376,Anti-CCP-Positive Rheumatoid Arthritis,Rheumatoid Arthritis,0.6896551724137931,0.24028114141347542,0.5023287782256719,False,1.0,1.9
default_model,229467,Elderly Clostridioides Difficile Infection,Clostridioides Difficile Infection,0.8947368421052632,0.3976353643835253,0.7765145304745156,False,1.0,1.2352941176470589
default_model,327778,Acute Myeloid Leukemia,Acute Myeloid Leukemia,1.0,0.5623413251903491,1.0000000000000002,True,1.0,1.0
default_model,147554,High-Risk Acute Lymphoblastic Leukemia,High-Risk Acute Lymphoblastic Leukemia,1.0,1.0,1.0000000000000002,True,1.0,1.0
default_model,327789,Mixed Phenotypic Acute Leukemia,Mixed Phenotypic Acute Leukemia,1.0,1.0,1.0,True,1.0,1.0
default_model,393329,Advanced Solid Tumor,Advanced Solid Tumor,1.0,0.5623413251903491,1.0000000000000002,True,1.0,1.0
default_model,376946,Acute Myeloid Leukemia,Acute Myeloid Leukemia,1.0,0.5623413251903491,1.0000000000000002,True,1.0,1.0
default_model,262259,Acute Myeloid Leukemia,Acute Myeloid Leukemia,1.0,0.5623413251903491,1.0000000000000002,True,1.0,1.0
default_model,229493,COVID-19,SARS-CoV-2 Infection,0.2857142857142857,0.0,0.0,False,0.0,0.4
default_model,393337,Second-Line Relapsed/Refractory Germ Cell Cancer;;Later-Line Relapsed/Refractory Germ Cell Cancer,Relapsed or Refractory Germ Cell Cancer,0.5147058823529411,0.11868405219520975,0.670886800175419,False,0.5,2.4871794871794872
default_model,376961,Elderly Newly Diagnosed High-Risk Acute Myeloid Leukemia;;Elderly Newly Diagnosed Secondary Acute Myeloid Leukemia,Elderly Newly Diagnosed High-Risk Secondary Acute Myeloid Leukaemia,0.7292817679558011,0.2796842457966537,0.7404420805930869,False,0.875,1.7014925373134329
default_model,229509,Staphylococcus Aureus Infection,Staphylococcus Aureus Infection,1.0,0.5623413251903491,1.0000000000000002,True,1.0,1.0
default_model,180358,Primary Effusion Lymphoma,Primary Effusion Lymphoma,1.0,0.5623413251903491,1.0000000000000002,True,1.0,1.0
default_model,327817,Pediatric Acute Myeloid Leukemia,Pediatric Acute Myeloid Leukemia,1.0,1.0,1.0,True,1.0,1.0
default_model,311433,Severe COVID-19;;Systemic Lupus Erythematosus,Systemic Lupus Erythematosus,0.7671232876712328,0.16990442448471224,0.5797386715376657,False,0.6666666666666666,1.6071428571428572
default_model,327823,NPM1-Mutated Acute Myeloid Leukemia,NPM1-Mutated Acute Myeloid Leukemia,1.0,1.0,1.0000000000000002,True,1.0,1.0
default_model,311447,Refractory Systemic Lupus Erythematosus,Refractory Systemic Lupus Erythematosus,1.0,1.0,1.0,True,1.0,1.0
default_model,311449,Systemic Lupus Erythematosus Flare,Systemic Lupus Erythematosus,0.9032258064516129,0.3976353643835253,0.7765145304745157,False,1.0,1.2142857142857142
default_model,393371,CCNE1-Amplified BRCA Wild-Type HRD-Negative Advanced High Grade Ovarian Cancer,Advanced High-Grade Ovarian Cancer,0.5892857142857143,0.056122223243057295,0.515336246848556,False,0.75,2.2941176470588234
default_model,393379,Stage IIIC/IV High Grade Serous Ovarian Cancer,Stage IIIc/IV High-Grade Serous Ovarian Cancer,0.9782608695652174,0.20556680845025987,1.0000000000000002,False,0.8333333333333334,1.0
default_model,393382,Cervical Cancer,Cervical Cancer,1.0,0.316227766016838,1.0000000000000002,True,1.0,1.0
default_model,180389,Elderly Invasive Fungal Disease,Elderly Invasive Fungal Disease,1.0,1.0,1.0,True,1.0,1.0
default_model,180390,Venous Thromboembolism;;Non-APL Acute Myeloid Leukemia,Venous Thromboembolism;;Acute Myeloid Leukemia,0.92,0.12574334296829354,0.7474073540060464,False,0.75,1.173913043478261
default_model,262320,Refractory/Relapsed Hodgkin Lymphoma,Refractory/Relapsed Hodgkin Lymphoma,1.0,0.5623413251903491,1.0,True,1.0,1.0
default_model,180403,Adult Newly Diagnosed Philadelphia Chromosome-Negative B-Cell Acute Lymphoblastic Leukemia,Adult Newly Diagnosed Ph-Negative B-Cell Acute Lymphoblastic Leukemia,0.8679245283018868,0.43167001068522526,0.7327068970668786,False,0.875,1.3043478260869565
default_model,327859,High Hyperdiploid Acute Lymphoblastic Leukemia,Acute Lymphoblastic Leukemia,0.7567567567567568,0.26591479484724945,0.6569729210330907,False,1.0,1.6428571428571428
default_model,393400,Residual Epithelial Ovarian Cancer,Epithelial Ovarian Cancer,0.847457627118644,0.3976353643835253,0.7765145304745156,False,1.0,1.36
default_model,327865,B-Cell Precursor Acute Lymphoblastic Leukemia,B-Cell Precursor Acute Lymphoblastic Leukemia,1.0,1.0,1.0000000000000002,True,1.0,1.0
default_model,327866,Infant Relapsed KMT2A-Rearranged Leukemia;;Childhood Relapsed KMT2A-Rearranged Leukemia,Relapsed KMT2A-Rearranged Infant Childhood Leukemia,0.6666666666666666,0.08307018474412793,0.9622504486493765,False,0.8,1.7058823529411764
default_model,262328,Previously Treated Mantle Cell Lymphoma,Previously Treated Mantle Cell Lymphoma,1.0,1.0,1.0000000000000002,True,1.0,1.0
default_model,393407,Endometrial Cancer;;Cervical Cancer,Childhood Endometrial Cancer;;Childhood Cervical Cancer,0.7777777777777778,0.069372929071742,0.6569729210330907,False,0.4,0.6363636363636364
default_model,147649,Relapsed/Refractory Acute Myeloid Leukemia,Relapsed/Refractory Acute Myeloid Leukemia,1.0,1.0,1.0000000000000002,True,1.0,1.0
default_model,327877,Pediatric T-Cell Acute Lymphoblastic Leukemia,Pediatric T-Cell Acute Lymphoblastic Leukemia,1.0,1.0,1.0000000000000002,True,1.0,1.0
default_model,311500,ANCA-Associated Vasculitis,ANCA-Associated Vasculitis,1.0,0.316227766016838,1.0000000000000002,True,1.0,1.0
default_model,180429,Elderly Acute Myeloid Leukemia,Elderly Acute Myeloid Leukemia,1.0,1.0,1.0,True,1.0,1.0
default_model,311504,ANCA-Associated Vasculitis,ANCA-Associated Vasculitis,1.0,0.316227766016838,1.0000000000000002,True,1.0,1.0
default_model,180437,Adult Newly Diagnosed Acute Myeloid Leukemia,Adult Newly Diagnosed Acute Myeloid Leukemia,1.0,1.0,1.0000000000000002,True,1.0,1.0
default_model,377049,KIT-Driven t(8;21) Refractory Myeloid Leukemia,Refractory Myeloid Leukemia,0.7397260273972602,0.26591479484724945,0.5797386715376658,False,1.0,1.7037037037037037
default_model,180442,Adult Newly Diagnosed Acute Myeloid Leukemia Unfit for Intensive Therapy,Adult Newly Diagnosed Acute Myeloid Leukemia,0.7586206896551724,0.5169731539571706,0.6569729210330907,False,1.0,1.6363636363636365
default_model,295132,Luminal Breast Cancer,Luminal Breast Cancer,1.0,0.5623413251903491,1.0000000000000002,True,1.0,1.0
default_model,147677,Acute Myeloid Leukemia,Acute Myeloid Leukemia,1.0,0.5623413251903491,1.0000000000000002,True,1.0,1.0
default_model,180445,Newly Diagnosed IDH1-Mutated Acute Myeloid Leukemia;;Newly Diagnosed IDH2-Mutated Acute Myeloid Leukemia,IDH1-Mutated IDH2-Mutated Newly Diagnosed Acute Myeloid Leukemia,0.4523809523809524,0.12760671487807074,0.9460998335825322,False,1.0,1.625
default_model,327904,BCL6-Rearranged Indolent B-Cell Lymphoma;;Marginal Zone Lymphoma,BCL6-Rearranged Indolent B-Cell Lymphoma;;Marginal Zone Lymphoma,1.0,1.0,1.0000000000000004,True,1.0,1.0
default_model,147689,Persistent MRD Acute Myeloid Leukemia,Acute Myeloid Leukemia,0.7457627118644068,0.26591479484724945,0.6569729210330907,False,1.0,1.6818181818181819
default_model,180465,Pediatric Acute Myeloid Leukemia,Pediatric Acute Myeloid Leukemia,1.0,1.0,1.0,True,1.0,1.0
default_model,327929,B-Cell Lymphoma,B-Cell Lymphoma,1.0,0.316227766016838,1.0000000000000002,True,1.0,1.0
default_model,180473,Acute Myeloid Leukemia,Acute Myeloid Leukemia,1.0,0.5623413251903491,1.0000000000000002,True,1.0,1.0
default_model,180478,Infant KMT2A-Rearranged Acute Lymphoblastic Leukemia,KMT2A-Rearranged Infant Acute Lymphoblastic Leukemia,0.8653846153846154,0.3021375397356768,1.0000000000000002,False,1.0,1.0
default_model,213248,Benign Prostatic Hyperplasia,Benign Prostatic Hyperplasia,1.0,0.5623413251903491,1.0000000000000002,True,1.0,1.0
default_model,377088,VIRTUAL_ASSISTANT_API_CALL-get_indication_rules{category:<ctrl46>Patient with two different Disease<ctrl46>},Haematological Disease,0.18461538461538463,0.0,0.12160331478619012,False,0.0,4.909090909090909
default_model,295167,High Grade Serous Ovarian Carcinoma,High Grade Serous Ovarian Carcinoma,1.0,1.0,1.0000000000000002,True,1.0,1.0
default_model,164102,Intermediate-Risk Prostate Cancer,Intermediate-Risk Prostate Cancer,1.0,0.5623413251903491,1.0,True,1.0,1.0
default_model,213255,Benign Prostatic Hyperplasia,Benign Prostatic Hyperplasia,1.0,0.5623413251903491,1.0000000000000002,True,1.0,1.0
default_model,213252,Benign Prostate Disease,Benign Prostate Disease,1.0,0.5623413251903491,1.0000000000000002,True,1.0,1.0
default_model,377096,Newly Diagnosed FLT3-Mutated Acute Myeloid Leukemia,Newly Diagnosed Flt3-Mutated Acute Myeloid Leukemia,1.0,1.0,1.0000000000000004,True,1.0,1.0
default_model,393489,Recurrent/Metastatic Adenoid Cystic Carcinoma,Recurrent/Metastatic Adenoid Cystic Carcinoma,1.0,1.0,1.0000000000000002,True,1.0,1.0
default_model,180497,Follicular Lymphoma,Follicular Lymphoma,1.0,0.316227766016838,1.0000000000000002,True,1.0,1.0
default_model,180501,Adolescent Hodgkin Lymphoma;;Young Adult Hodgkin Lymphoma,Adolescent/Young Adult Hodgkin Lymphoma,0.7916666666666666,0.20205155046766235,0.943879807448539,False,0.75,1.4615384615384615
default_model,262425,Familial Erythrocytosis,Familial Erythrocytosis,1.0,0.316227766016838,1.0000000000000002,True,1.0,1.0
default_model,213274,Benign Prostatic Hyperplasia,Benign Prostatic Hyperplasia,1.0,0.5623413251903491,1.0000000000000002,True,1.0,1.0
default_model,377120,Relapsed/Refractory Diffuse Large B Cell Lymphoma,Relapsed/Refractory Diffuse Large B Cell Lymphoma,1.0,1.0,1.0000000000000002,True,1.0,1.0
default_model,213291,Benign Prostatic Hyperplasia,Benign Prostatic Hyperplasia,1.0,0.5623413251903491,1.0000000000000002,True,1.0,1.0
default_model,327983,Relapsed/Refractory Non-Hodgkin Lymphoma,Relapsed/Refractory Non-Hodgkin Lymphoma,1.0,0.5623413251903491,1.0000000000000002,True,1.0,1.0
default_model,180529,Third-Line Follicular Lymphoma,Third-Line Follicular Lymphoma,1.0,0.5623413251903491,1.0,True,1.0,1.0
default_model,377144,Newly Diagnosed Philadelphia Chromosome-Positive Acute Lymphoblastic Leukemia,Newly Diagnosed Ph-Positive Acute Lymphoblastic Leukemia,0.8421052631578947,0.20556680845025987,0.6735205045780813,False,0.8333333333333334,1.375
default_model,327998,Second-Line Relapsed/Refractory Classical Hodgkin Lymphoma,Second-Line Relapsed or Refractory Classical Hodgkin Lymphoma,0.957983193277311,0.19153996003797966,0.8831282039194523,False,0.5714285714285714,0.9508196721311475
default_model,409919,ANCA Vasculitis,ANCA Vasculitis,1.0,0.316227766016838,1.0000000000000002,True,1.0,1.0
default_model,147776,Aggressive Non-Hodgkin Lymphoma,Aggressive Non-Hodgkin Lymphoma,1.0,0.5623413251903491,1.0,True,1.0,1.0
default_model,328003,Double and Triple Hit High Grade B Cell Lymphoma,High Grade B Cell Lymphoma,0.7027027027027027,0.44632361378533286,0.5797386715376658,False,1.0,1.8461538461538463
default_model,262464,Lymphoma,Lymphoma ,1.0,0.1778279410038923,1.0,True,1.0,1.0
default_model,213317,Invasive Bladder Cancer,Invasive Bladder Cancer,1.0,0.5623413251903491,1.0000000000000002,True,1.0,1.0
default_model,147782,Preterm Intraventricular Hemorrhage,Congenital Bleeding Disorder;;Acquired Bleeding Disorder,0.08791208791208792,0.0,0.0,False,0.0,0.625
default_model,147785,Haemophilia B Leyden,Haemophilia B Leyden,1.0,0.5623413251903491,1.0000000000000002,True,1.0,1.0
default_model,328014,Cutaneous T-Cell Lymphoma,Lymphoma,0.48484848484848486,0.11362193664674995,0.44943641652398214,False,1.0,3.125
default_model,328016,Lymphoproliferative Disorder,Lymphoproliferative Disorder,1.0,0.316227766016838,1.0000000000000002,True,1.0,1.0
default_model,213341,Benign Prostatic Hyperplasia,Benign Prostatic Hyperplasia,1.0,0.5623413251903491,1.0000000000000002,True,1.0,1.0
default_model,213344,Benign Prostatic Hyperplasia,Benign Prostatic Hyperplasia,1.0,0.5623413251903491,1.0000000000000002,True,1.0,1.0
default_model,295266,Breast Cancer,Breast Cancer,1.0,0.316227766016838,1.0000000000000002,True,1.0,1.0
default_model,213348,Benign Prostatic Hyperplasia,Benign Prostatic Hyperplasia,1.0,0.5623413251903491,1.0000000000000002,True,1.0,1.0
default_model,377189,Acquired Aplastic Anemia,Acquired Aplastic Anemia,1.0,0.5623413251903491,1.0000000000000002,True,1.0,1.0
default_model,311657,Psoriatic Disease,Psoriatic Disease,1.0,0.316227766016838,1.0000000000000002,True,1.0,1.0
default_model,377194,Multiple Myeloma,Multiple Myeloma,1.0,0.316227766016838,1.0000000000000002,True,1.0,1.0
default_model,409966,Childhood Dyslipidemia;;Childhood CKD,Childhood Dyslipidemia,0.7457627118644068,0.11362193664674995,0.8032002037467098,False,0.5,1.6818181818181819
default_model,393583,Advanced Hepatocellular Carcinoma,Advanced Hepatocellular Carcinoma,1.0,0.5623413251903491,1.0000000000000002,True,1.0,1.0
default_model,262514,Myelodysplastic Syndrome,Myelodysplastic Syndrome,1.0,0.316227766016838,1.0000000000000002,True,1.0,1.0
default_model,262522,Runx1-Mutated Myeloid Neoplasm,Myeloid Neoplasm,0.6956521739130435,0.24028114141347542,0.5797386715376658,False,1.0,1.875
default_model,409981,Diabetic Kidney Disease,Diabetic Kidney Disease,1.0,0.5623413251903491,1.0000000000000002,True,1.0,1.0
default_model,147837,Chronic Lymphocytic Leukemia,Chronic Lymphocytic Leukemia,1.0,0.5623413251903491,1.0000000000000002,True,1.0,1.0
default_model,262527,Multiple Myeloma,Multiple Myeloma,1.0,0.316227766016838,1.0000000000000002,True,1.0,1.0
default_model,409986,Cystinuria;;PH1,Cystinuria;;Primary Hyperoxaluria Type 1;;Genetic Stone Disease,0.38461538461538464,0.0,0.161713780662529,False,0.0,0.23809523809523808
default_model,311696,Pediatric Chronic Nonbacterial Osteomyelitis;;Chronic Recurrent Multifocal Osteomyelitis,Pediatric Chronic Nonbacterial Osteomyelitis,0.6666666666666666,0.17567205239427922,0.8032002037467096,False,1.0,2.0
default_model,295316,Colorectal Cancer,Colorectal Cancer,1.0,0.316227766016838,1.0000000000000002,True,1.0,1.0
default_model,147864,Chronic Lymphocytic Leukemia;;Mantle Cell Lymphoma,Chronic Lymphocytic Leukemia;;Mantle Cell Lymphoma,1.0,1.0,1.0000000000000002,True,1.0,1.0
default_model,393627,Clear Cell Renal Cell Carcinoma,Clear Cell Renal Cell Carcinoma,1.0,1.0,1.0000000000000002,True,1.0,1.0
default_model,213405,Haematuria,Haematuria,1.0,0.1778279410038923,1.0,True,1.0,1.0
default_model,164257,High-Risk Prostate Cancer,High-Risk Prostate Cancer,1.0,0.5623413251903491,1.0,True,1.0,1.0
default_model,262567,Newly Diagnosed Stage IIIB Light Chain Amyloidosis,Newly Diagnosed Stage 3B Light Chain Amyloidosis,0.9591836734693877,0.274941620352113,0.7523197619890015,False,0.8571428571428571,1.0416666666666667
default_model,262569,Relapsed Systemic AL Amyloidosis,Relapsed Systemic Al Amyloidosis,1.0,1.0,1.0,True,1.0,1.0
default_model,328106,Relapsed/Refractory Mantle Cell Lymphoma,Relapsed/Refractory Mantle Cell Lymphoma,1.0,1.0,1.0000000000000002,True,1.0,1.0
default_model,377263,Multiple Myeloma,Multiple Myeloma,1.0,0.316227766016838,1.0000000000000002,True,1.0,1.0
default_model,295345,First-Line Chronic Lymphocytic Leukemia,Chronic Lymphocytic Leukemia,0.835820895522388,0.3976353643835253,0.6569729210330907,False,1.0,1.3928571428571428
default_model,393651,BRAF V600-Mutated Stage III/IV Melanoma,Braf V600-Mutated Stage III/IV Melanoma,1.0,1.0,1.0000000000000004,True,1.0,1.0
default_model,393652,Acral Melanoma,Acral Melanoma,1.0,0.316227766016838,1.0000000000000002,True,1.0,1.0
default_model,262579,Multiple Myeloma,Multiple Myeloma,1.0,0.316227766016838,1.0000000000000002,True,1.0,1.0
default_model,262577,SARS-CoV-2 Infection;;Monoclonal Gammopathy Of Undetermined Significance,Sars-Cov-2 Infection;;Monoclonal Gammopathy,0.7478260869565218,0.20205155046766235,0.6764792400877004,False,1.0,1.6744186046511629
default_model,377273,Severe Aplastic Anemia,Severe Aplastic Anemia,1.0,0.5623413251903491,1.0000000000000002,True,1.0,1.0
default_model,410042,Chronic Kidney Disease;;Mendelian Disease,Chronic Kidney Disease,0.6984126984126984,0.1880301546543197,0.8177583245211002,False,1.0,1.8636363636363635
default_model,344512,TP53-Depleted Cancer,Cancer ,0.46153846153846156,0.1495348781221221,0.44943641652398214,False,1.0,3.3333333333333335
default_model,295362,First-Line Advanced Renal Cell Carcinoma,Advanced Renal Cell Carcinoma,0.8405797101449275,0.668740304976422,0.7092972666062738,False,1.0,1.3793103448275863
default_model,393665,Advanced Melanoma,Advanced Melanoma,1.0,0.316227766016838,1.0000000000000002,True,1.0,1.0
default_model,295365,Advanced Renal Cancer,Advanced Renal Cancer,1.0,0.5623413251903491,1.0000000000000002,True,1.0,1.0
default_model,377287,Blood Stream Infection;;Febrile Neutropenia,Febrile Neutropenia,0.6129032258064516,0.08034284189446518,0.5023287782256719,False,0.5,2.263157894736842
default_model,410057,Extreme Preterm Kidney Injury,Kidney Injury,0.6190476190476191,0.16990442448471224,0.5797386715376658,False,1.0,2.230769230769231
default_model,213447,Prostate Cancer,Prostate Cancer,1.0,0.316227766016838,1.0000000000000002,True,1.0,1.0
default_model,295375,Triple-Negative Breast Cancer,Triple-Negative Breast Cancer,1.0,0.5623413251903491,1.0,True,1.0,1.0
default_model,328146,Early Stage Classic Hodgkin Lymphoma,Early Stage Classic Hodgkin Lymphoma,1.0,1.0,1.0000000000000002,True,1.0,1.0
default_model,328150,Hodgkin Lymphoma,Hodgkin Lymphoma,1.0,0.316227766016838,1.0000000000000002,True,1.0,1.0
default_model,147934,Multiple Myeloma,Multiple Myeloma,1.0,0.316227766016838,1.0000000000000002,True,1.0,1.0
default_model,180704,Relapsed/Refractory Chronic Lymphocytic Leukemia,Relapsed/Refractory Chronic Lymphocytic Leukemia,1.0,1.0,1.0000000000000002,True,1.0,1.0
default_model,213477,Pediatric Neurogenic Bladder;;Pediatric Urologic Emergency,Pediatric Neurogenic Bladder,0.6511627906976745,0.11362193664674995,0.732104920251224,False,0.6666666666666666,2.0714285714285716
default_model,295399,Renal Cell Carcinoma;;Non-Small Cell Lung Cancer,Renal Cell Carcinoma;;Non-Small Cell Lung Cancer,1.0,1.0,1.0000000000000004,True,1.0,1.0
default_model,262634,Chronic Myeloid Disorder,Chronic Myeloid Disorder,1.0,0.5623413251903491,1.0000000000000002,True,1.0,1.0
default_model,213480,Spina Bifida,Spina Bifida,1.0,0.316227766016838,1.0000000000000002,True,1.0,1.0
default_model,295405,Unresectable/Advanced Hepatocellular Carcinoma,Unresectable/Advanced Hepatocellular Carcinoma,1.0,0.5623413251903491,1.0,True,1.0,1.0
default_model,393710,Advanced Basal Cell Carcinoma,Advanced Basal Cell Carcinoma,1.0,1.0,1.0,True,1.0,1.0
default_model,262640,Myelofibrosis,Myelofibrosis ,1.0,0.1778279410038923,1.0,True,1.0,1.0
default_model,328177,Primary Cutaneous Gamma-Delta T-Cell Lymphoma,Primary Cutaneous Gamma-Delta T-Cell Lymphoma,1.0,1.0,1.0000000000000002,True,1.0,1.0
default_model,311793,Adult Rheumatic Disease;;Pediatric Rheumatic Disease,Adult Pediatric Rheumatic Disease,0.7764705882352941,0.12574334296829354,0.9486832980505138,False,0.75,1.5757575757575757
default_model,213484,Neonatal Posterior Urethral Valve,Neonatal Posterior Urethral Valve,1.0,1.0,1.0,True,1.0,1.0
default_model,295427,Metastatic Non-Small-Cell Lung Cancer,Metastatic Non-Small-Cell Lung Cancer,1.0,1.0,1.0000000000000002,True,1.0,1.0
default_model,393731,Melanoma,Melanoma,1.0,0.1778279410038923,1.0,True,1.0,1.0
default_model,311815,Pediatric Amplified Pain Syndrome III,Pediatric Amplified Pain Syndrome III,1.0,1.0,1.0000000000000002,True,1.0,1.0
default_model,262670,Primary Myelofibrosis,Primary Myelofibrosis,1.0,0.316227766016838,1.0000000000000002,True,1.0,1.0
default_model,295442,Metastatic Non-Small Cell Lung Cancer,Metastatic Non-Small Cell Lung Cancer,1.0,1.0,1.0000000000000002,True,1.0,1.0
default_model,393754,Progressive Lung Neuroendocrine Neoplasm;;Progressive Gastroenteropancreatic Neuroendocrine Neoplasm,Lung Neuroendocrine Neoplasm;;Gastroenteropancreatic Neuroendocrine Neoplasm ,0.8636363636363636,0.09878765474230743,0.7474073540060463,False,0.75,1.3157894736842106
default_model,377370,Pediatric Ultra High-Risk T-Lymphoblastic Leukemia,TP53-Mutated KRAS-Mutated Ultra High-Risk Pediatric T-Lymphoblastic Leukemia,0.7301587301587301,0.11389034164225112,0.5797386715376658,False,0.7142857142857143,0.6578947368421053
default_model,262689,Advanced Systemic Mastocytosis,Advanced Systemic Mastocytosis,1.0,0.5623413251903491,1.0000000000000002,True,1.0,1.0
default_model,328231,Relapsed/Refractory B-Cell Non-Hodgkin Lymphoma,Relapsed/Refractory B-Cell Non-Hodgkin Lymphoma,1.0,1.0,1.0000000000000002,True,1.0,1.0
default_model,148009,Previously Untreated Mantle Cell Lymphoma,Previously Untreated Mantle Cell Lymphoma,1.0,1.0,1.0000000000000002,True,1.0,1.0
default_model,377385,Chronic Phase Chronic Myeloid Leukemia;;Severe Thrombocytopenia,Severe Thrombocytopenia;;Chronic Phase Chronic Myeloid Leukemia,0.6031746031746031,0.20205155046766235,1.0000000000000002,False,0.5,1.0
default_model,148013,Hairy Cell Leukemia;;Second Cancer,Hairy Cell Leukemia,0.7169811320754716,0.16990442448471224,0.6569729210330907,False,0.6666666666666666,1.7894736842105263
default_model,262704,Gaucher Disease,Gaucher Disease,1.0,0.316227766016838,1.0000000000000002,True,1.0,1.0
default_model,180787,Multiple Myeloma,Multiple Myeloma,1.0,0.316227766016838,1.0000000000000002,True,1.0,1.0
default_model,328247,Relapsed/Refractory Diffuse Large B-Cell Lymphoma,Elderly Relapsed/Refractory Diffuse Large B-Cell Lymphoma,0.9245283018867925,0.8187307530779819,0.8673636849609291,False,0.8333333333333334,0.8596491228070176
default_model,328253,Relapsed/Refractory Diffuse Large B-Cell Lymphoma,Relapsed/Refractory Diffuse Large B-Cell Lymphoma,1.0,1.0,1.0000000000000002,True,1.0,1.0
default_model,262717,Immune Thrombocytopenia,Immune Thrombocytopenia,1.0,0.316227766016838,1.0000000000000002,True,1.0,1.0
default_model,410176,Diabetic Kidney Disease,Diabetic Kidney Disease,1.0,0.5623413251903491,1.0000000000000002,True,1.0,1.0
default_model,180799,Newly Diagnosed Multiple Myeloma,Newly Diagnosed Multiple Myeloma,1.0,1.0,1.0,True,1.0,1.0
default_model,262725,Transfusion-Dependent Beta-Thalassemia,Beta-Thalassemia,0.5925925925925926,0.1495348781221221,0.5797386715376658,False,1.0,2.375
default_model,262728,Lymphoma,Lymphoma,1.0,0.1778279410038923,1.0,True,1.0,1.0
default_model,377420,Chronic Lymphocytic Leukemia,Chronic Lymphocytic Leukemia,1.0,0.5623413251903491,1.0000000000000002,True,1.0,1.0
default_model,344653,Malignant Uterine Leiomyosarcoma;;Benign Leiomyoma,Malignant Uterine Leiomyosarcoma,0.7804878048780488,0.16990442448471224,0.6569729210330907,False,0.6666666666666666,1.5625
default_model,180817,Newly Diagnosed Multiple Myeloma,Newly Diagnosed Multiple Myeloma,1.0,1.0,1.0,True,1.0,1.0
default_model,328274,Adolescent Burkitt Lymphoma;;Adult Burkitt Lymphoma;;Adolescent Leukemia;;Adult Leukemia,Adolescent Adult Burkitt Lymphoma;;Adolescent Adult Leukemia,0.8108108108108109,0.08307018474412793,0.943879807448539,False,0.8,1.4666666666666666
default_model,393814,Resected Non-Small Cell Lung Cancer,Resected Non-Small Cell Lung Cancer,1.0,1.0,1.0000000000000002,True,1.0,1.0
default_model,344667,Metastatic Melanoma,Metastatic Melanoma,1.0,0.316227766016838,1.0000000000000002,True,1.0,1.0
default_model,180828,Relapsed/Refractory Multiple Myeloma,Relapsed and/or Refractory Multiple Myeloma,0.9113924050632911,0.12336445138236939,0.7092972666062738,False,0.4,0.8372093023255814
default_model,377438,Multiple Myeloma,Multiple Myeloma,1.0,0.316227766016838,1.0000000000000002,True,1.0,1.0
default_model,393826,Early Stage Non-Small Cell Lung Cancer,Early-Stage Non-Small Cell Lung Cancer,0.9736842105263158,0.5081327481546147,1.0000000000000004,False,0.8,1.0
default_model,393827,Early Stage Non-Small Cell Lung Cancer,Early Stage Non-Small Cell Lung Cancer,1.0,1.0,1.0000000000000004,True,1.0,1.0
default_model,213605,High Grade Renal Trauma,Traumatic Renal Injury,0.4444444444444444,0.08034284189446518,0.1707761131901165,False,0.3333333333333333,1.0454545454545454
default_model,393830,Resectable Stage I-III Non-Small Cell Lung Cancer,Stage I-III Resectable Non-Small Cell Lung Cancer,0.7755102040816326,0.5081327481546147,1.0000000000000002,False,1.0,1.0
default_model,393832,Resectable Stage II-III Non-Small Cell Lung Cancer,Resectable Stage II-III Non-Small Cell Lung Cancer,1.0,1.0,1.0000000000000002,True,1.0,1.0
default_model,164457,Benign Prostate Disease,Benign Prostatic Hyperplasia,0.6666666666666666,0.11362193664674995,0.20199309249791836,False,0.3333333333333333,0.8214285714285714
default_model,180842,Gut Graft-Versus-Host Disease,Graft-Versus-Host Disease,0.9259259259259259,0.24028114141347542,0.8181802073667197,False,1.0,1.16
default_model,262759,Triple-Class Exposed Relapsed/Refractory Multiple Myeloma,Relapsed/Refractory Multiple Myeloma ,0.7741935483870968,0.26591479484724945,0.6348087971775132,False,1.0,1.5833333333333333
default_model,164460,Benign Prostatic Hyperplasia,Benign Prostatic Hyperplasia,1.0,0.5623413251903491,1.0000000000000002,True,1.0,1.0
default_model,295539,Older Adult Cancer,Older Adult Cancer,1.0,0.5623413251903491,1.0000000000000002,True,1.0,1.0
default_model,164469,Benign Prostate Disease,Benign Prostate Disease,1.0,0.5623413251903491,1.0000000000000002,True,1.0,1.0
default_model,311932,Psoriatic Arthritis,Psoriatic Arthritis,1.0,0.316227766016838,1.0000000000000002,True,1.0,1.0
default_model,344700,High Grade Serous Ovarian Carcinoma,High Grade Serous Ovarian Carcinoma,1.0,1.0,1.0000000000000002,True,1.0,1.0
default_model,393855,EGFR-Mutated Lung Cancer,EGFR-Mutated Lung Cancer,1.0,0.5623413251903491,1.0,True,1.0,1.0
default_model,344703,Cancer,Cancer,1.0,0.1778279410038923,1.0,True,1.0,1.0
default_model,230018,Breast Cancer,Breast Cancer,1.0,0.316227766016838,1.0000000000000002,True,1.0,1.0
default_model,148103,Cohesin-Mutated Low-Risk Myelodysplastic Syndrome,Low-Risk Myelodysplastic Syndrome,0.8048780487804879,0.3976353643835253,0.7092972666062738,False,1.0,1.4848484848484849
default_model,262793,Sickle Cell Disease,Sickle Cell Disease,1.0,0.5623413251903491,1.0000000000000002,True,1.0,1.0
default_model,328332,Sars-Cov-2 Infection;;Primary CNS Lymphoma,Sars-Cov-2 Infection;;Primary CNS Lymphoma,1.0,1.0,1.0000000000000002,True,1.0,1.0
default_model,148116,Low-Risk Myelodysplastic Syndrome,Low-Risk Myelodysplastic Syndrome,1.0,0.5623413251903491,1.0,True,1.0,1.0
default_model,377489,Adult Acute Lymphoblastic Leukemia,Adult Acute Lymphoblastic Leukemia,1.0,1.0,1.0,True,1.0,1.0
default_model,230042,Non-Metastatic Breast Cancer,Non-Metastatic Breast Cancer,1.0,0.5623413251903491,1.0,True,1.0,1.0
default_model,213661,Gender Dysphoria,Gender Dysphoria,1.0,0.316227766016838,1.0000000000000002,True,1.0,1.0
default_model,410269,Primary Kidney Disease;;CKD,Primary Kidney Disease;;Chronic Kidney Disease,0.7397260273972602,0.12336445138236939,0.676628251794108,False,0.5,0.5869565217391305
default_model,393888,Metastatic Non-Small Cell Lung Cancer,First-Line ALK-Postive Metastatic Non-Small Cell Lung Cancer,0.7628865979381443,0.6703200460356393,0.6569729210330907,False,0.7142857142857143,0.6166666666666667
default_model,148133,Relapsed/Refractory High-Risk Myelodysplastic Syndrome;;Relapsed/Refractory Acute Myeloid Leukemia,Relapsed/Refractory High-Risk Myelodysplastic Syndrome;;Relapsed/Refractory High-Risk Acute Myeloid Leukemia,0.9514563106796117,0.5154486831107657,0.9578414886923189,False,1.0,0.9074074074074074
default_model,230055,Node-Positive Breast Cancer,Breast Cancer,0.65,0.24028114141347542,0.5797386715376658,False,1.0,2.076923076923077
default_model,230053,Breast Cancer,Breast Cancer,1.0,0.316227766016838,1.0000000000000002,True,1.0,1.0
default_model,410290,Uncontrolled Hypertension;;Graft Failure,Hypertension ,0.46153846153846156,0.0,0.3799783615910079,False,0.0,3.3333333333333335
default_model,230073,Breast Cancer,Breast Cancer,1.0,0.316227766016838,1.0000000000000002,True,1.0,1.0
default_model,393915,First-Line Advanced HER2-Altered Non-Small Cell Lung Cancer,First-Line Advanced HER2-Altered Non-Small Cell Lung Cancer,1.0,1.0,1.0000000000000007,True,1.0,1.0
default_model,148158,Multiple Myeloma,Multiple Myeloma,1.0,0.316227766016838,1.0000000000000002,True,1.0,1.0
default_model,262851,Pediatric Thalassemia,Thalassemia,0.6875,0.1495348781221221,0.5797386715376658,False,1.0,1.9090909090909092
default_model,180932,Adult Early Onset Cytomegalovirus Infection,Early Cytomegalovirus Infection,0.8378378378378378,0.12574334296829354,0.6569729210330907,False,1.0,1.3870967741935485
default_model,393929,Advanced/Metastatic Non-Small Cell Lung Cancer,Advanced Or Metastatic Non-Small Cell Lung Cancer,0.9473684210526315,0.4482700320176827,0.8831282039194523,False,0.5714285714285714,0.9387755102040817
default_model,393942,Metastatic Non-Small Cell Lung Cancer,Metastatic Non-Small Cell Lung Cancer,1.0,1.0,1.0000000000000002,True,1.0,1.0
default_model,213726,Urothelial Carcinoma,Urothelial Carcinoma,1.0,0.316227766016838,1.0000000000000002,True,1.0,1.0
default_model,230112,Paget Disease of the Breast,Paget Disease of the Breast,1.0,1.0,1.0000000000000002,True,1.0,1.0
default_model,410337,Glomerulonephritis,Glomerulonephritis,1.0,0.1778279410038923,1.0,True,1.0,1.0
default_model,328423,Newly Diagnosed Ph Chromosome-Positive Chronic Myelogenous Leukemia in Chronic Phase,Newly Diagnosed Ph-Positive Chronic Myelogenous Leukemia in Chronic Phase,0.9299363057324841,0.5814307369682193,0.9266368211041915,False,0.875,1.1506849315068493
default_model,410348,COVID-19,COVID-19 Infection,0.6153846153846154,0.06541924356118012,0.7092972666062739,False,0.5,0.4444444444444444
default_model,328431,Chronic Myeloid Leukemia,Chronic Myeloid Leukaemia,0.9795918367346939,0.24028114141347542,0.5031026124151314,False,0.6666666666666666,0.96
default_model,328438,Chronic Myeloid Leukemia,Chronic Myeloid Leukemia,1.0,0.5623413251903491,1.0000000000000002,True,1.0,1.0
default_model,328439,Chronic Myeloid Leukemia with Additional Mutations Other Than BCR-ABL,BCR-ABL-Fusion Chronic Myeloid Leukemia,0.4444444444444444,0.11868405219520975,0.4908342120661072,False,0.75,1.7692307692307692
default_model,328455,High-Risk Chronic Myeloid Leukemia;;Intermediate-Risk Chronic Myeloid Leukemia,Intermediate-Risk High-Risk Chronic Myeloid Leukemia,0.5230769230769231,0.23119742295813958,0.9428090415820636,False,0.8,1.5
default_model,148233,Elderly Previously Treated Multiple Myeloma,Elderly Previously Treated Multiple Myeloma,1.0,1.0,1.0000000000000002,True,1.0,1.0
default_model,262924,Pediatric Relapsed/Refractory Ph Chromosome-Positive Acute Lymphoblastic Leukemia;;Pediatric T315I-Mutated Acute Lymphoblastic Leukemia,Relapsed/Intolerant Ph-Positive T315I Mutated Acute Lymphoblastic Leukemia,0.6411483253588517,0.09329460218997072,0.6483971433552823,False,0.42857142857142855,1.8243243243243243
default_model,377619,Immune Thrombocytopenia,Immune Thrombocytopenia,1.0,0.316227766016838,1.0000000000000002,True,1.0,1.0
default_model,213784,Stone Disease,Stone Disease,1.0,0.316227766016838,1.0000000000000002,True,1.0,1.0
default_model,394009,First-Line Elderly Lung Cancer,First-Line Elderly Lung Cancer,1.0,1.0,1.0000000000000002,True,1.0,1.0
default_model,344862,Cancer,Cancer,1.0,0.1778279410038923,1.0,True,1.0,1.0
default_model,148257,Relapsed/Refractory Multiple Myeloma,Relapsed Refractory Multiple Myeloma,0.9722222222222222,0.17216896116316355,1.0,False,0.5,1.0
default_model,295712,Cancer;;Hematologic Malignancy,Covid-19 Infection,0.25,0.0,0.0,False,0.0,1.6666666666666667
default_model,230183,Metastatic Breast Cancer,Hyperglycemia ,0.21621621621621623,0.0,0.0,False,0.0,1.8461538461538463
default_model,394023,Untreated Advanced Non-Small-Cell Lung Cancer,Untreated Advanced Non-Small-Cell Lung Cancer,1.0,1.0,1.0000000000000004,True,1.0,1.0
default_model,410410,Glomerular Disease,Glomerular Disease,1.0,0.316227766016838,1.0000000000000002,True,1.0,1.0
default_model,230186,Adult COVID-19;;Adult Cancer,COVID-19 Infection;;Adult Cancer,0.7333333333333333,0.11362193664674995,0.7731076272598563,False,0.3333333333333333,0.875
default_model,344870,Tumor,Tumor ,1.0,0.1778279410038923,1.0,True,1.0,1.0
default_model,394030,EGFR-Mutant Progressive Locally Advanced or Metastatic Non-Squamous Non-Small Cell Lung Cancer,EGFR-Mutant Locally Advanced Or Metastatic Non-Squamous Non-Small Cell Lung Cancer,0.9318181818181818,0.8070557274927981,0.9400186907181733,False,1.0,1.146341463414634
default_model,394031,First-Line Advanced Metastatic PD-L1-Positive Non-Small Cell Lung Cancer,First-Line Advanced/Metastatic Non-Small Cell Lung Cancer,0.8682170542635659,0.3655552228545123,0.7765145304745156,False,0.8333333333333334,1.263157894736842
default_model,148272,Newly Diagnosed Multiple Myeloma,Newly-Diagnosed Multiple Myeloma,0.96875,0.16990442448471224,1.0,False,0.6666666666666666,1.0
default_model,262962,High-Risk Acute Promyelocytic Leukemia;;Thrombosis,Acute Promyelocytic Leukemia;;Thrombosis,0.8888888888888888,0.3976353643835253,0.7092972666062738,False,1.0,1.25
default_model,181042,Childhood Sickle Cell Disease,Childhood Sickle Cell Disease ,1.0,1.0,1.0,True,1.0,1.0
default_model,181049,Sickle Cell Disease,Sickle Cell Disease,1.0,0.5623413251903491,1.0000000000000002,True,1.0,1.0
default_model,377658,Acute Myeloid Leukemia,Acute Myeloid Leukemia ,1.0,0.5623413251903491,1.0000000000000002,True,1.0,1.0
default_model,394045,Resectable Thoracic Oesophageal Squamous Cell Cancer,Resectable Thoracic Oesophageal Squamous Cell Cancer ,1.0,1.0,1.0000000000000002,True,1.0,1.0
default_model,213817,Depression;;Anxiety;;High-Risk Prostate Cancer;;Intermediate-Risk Prostate Cancer;;Low-Risk Prostate Cancer,High-Risk Prostate Cancer;;Intermediate-Risk Prostate Cancer;;Low-Risk Prostate Cancer,0.8911917098445595,0.8091067115702212,0.9400186907181733,False,0.8,1.244186046511628
default_model,312127,Rheumatoid Arthritis,Rheumatoid Arthritis,1.0,0.316227766016838,1.0000000000000002,True,1.0,1.0
default_model,262973,Acute Myeloid Leukemia,Acute Myeloid Leukemia,1.0,0.5623413251903491,1.0000000000000002,True,1.0,1.0
default_model,410433,COVID-19,COVID-19 Infection,0.6153846153846154,0.06541924356118012,0.7092972666062739,False,0.5,0.4444444444444444
default_model,181055,Clostridium Difficile Infection,Clostridium Difficile Infection,1.0,0.5623413251903491,1.0000000000000002,True,1.0,1.0
default_model,262979,Acute Promyelocytic Leukemia,Acute Promyelocytic Leukemia,1.0,0.5623413251903491,1.0000000000000002,True,1.0,1.0
default_model,410436,Acute Kidney Injury,Acute Kidney Injury,1.0,0.5623413251903491,1.0000000000000002,True,1.0,1.0
default_model,312133,Rheumatoid Arthritis;;Acute Inflammation,Rheumatoid Arthritis,0.6666666666666666,0.11362193664674995,0.5797386715376658,False,0.5,2.0
default_model,328516,Relapsed/Refractory Myelofibrosis,Relapsed/Refractory Myelofibrosis,1.0,0.316227766016838,1.0000000000000002,True,1.0,1.0
default_model,295751,BRAF V600E-Mutated Metastatic Colorectal Cancer,BRAF V600E-Mutated Metastatic Colorectal Cancer,1.0,1.0,1.0000000000000002,True,1.0,1.0
default_model,344908,Melanoma,Melanoma,1.0,0.1778279410038923,1.0,True,1.0,1.0
default_model,213839,Benign Prostatic Hyperplasia,Benign Prostatic Hyperplasia,1.0,0.5623413251903491,1.0000000000000002,True,1.0,1.0
default_model,148309,JAK2 V617F-Mutated Primary Myelofibrosis,Primary Myelofibrosis,0.6885245901639344,0.16990442448471224,0.5023287782256719,False,1.0,1.9047619047619047
default_model,344918,HER2-Positive Breast Cancer,HER2-Positive Breast Cancer,1.0,0.5623413251903491,1.0,True,1.0,1.0
default_model,295765,High-Risk Endometrial Cancer,High-Risk Endometrial Cancer,1.0,0.5623413251903491,1.0,True,1.0,1.0
default_model,181083,Chronic Lymphocytic Leukemia,Chronic Lymphocytic Leukemia,1.0,0.5623413251903491,1.0000000000000002,True,1.0,1.0
default_model,263003,Acute Myeloid Leukemia with T(6;9)(P22;Q34),Acute Myeloid Leukemia,0.676923076923077,0.26591479484724945,0.5797386715376657,False,1.0,1.9545454545454546
default_model,295775,Brain Metastasis,Brain Metastasis,1.0,0.316227766016838,1.0000000000000002,True,1.0,1.0
default_model,410465,ANCA-Mediated Acute Interstitial Nephritis Without Glomerulonephritis,ANCA-Mediated Acute Interstitial Nephritis,0.7567567567567568,0.5081327481546147,0.7474073540060464,False,1.0,1.6428571428571428
default_model,410466,Acute Kidney Injury;;Spontaneous Rupture of the Urinary Collecting System,Acute Kidney Injury,0.41304347826086957,0.050712153369465586,0.42223388528713734,False,0.6666666666666666,3.8421052631578947
default_model,394087,Esophageal Cancer,Esophageal Cancer,1.0,0.316227766016838,1.0000000000000002,True,1.0,1.0
default_model,394098,Esophageal Cancer,Esophageal Cancer,1.0,0.316227766016838,1.0000000000000002,True,1.0,1.0
default_model,181105,Pediatric Sickle Cell Disease,Pediatric Sickle Cell Disease,1.0,1.0,1.0,True,1.0,1.0
default_model,181110,Adolescent Sickle Cell Disease;;Young Adult Sickle Cell Disease,Adolescent Young Adult Sickle Cell Disease,0.8,0.3655552228545123,0.948683298050514,False,0.8333333333333334,1.5
default_model,181112,Sars-Cov-2- Pneumonia;;Viral Pneumonia,Sars-Cov-2- Pneumonia,0.711864406779661,0.13512001548070346,0.8177583245211002,False,1.0,1.8095238095238095
default_model,181114,Venous Thromboembolism;;Sickle Cell Disease,Sickle Cell Disease;;Venous Thromboembolism,0.5116279069767442,0.08034284189446518,1.0000000000000002,False,0.25,1.0
default_model,263044,Newly Diagnosed Diffuse Large B-Cell Lymphoma,Newly Diagnosed Diffuse Large B-Cell Lymphoma,1.0,1.0,1.0000000000000002,True,1.0,1.0
default_model,344966,High Grade Serous Ovarian Cancer,High Grade Serous Ovarian Cancer,1.0,1.0,1.0000000000000002,True,1.0,1.0
default_model,295814,Triple-Negative Metastatic Breast Cancer;;HR+/HER2- Metastatic Breast Cancer,Metastatic Breast Cancer,0.48,0.16348126556655487,0.7765145304745155,False,1.0,3.1666666666666665
default_model,377741,High-Risk Acute Myeloid Leukaemia;;High-Risk Myelodysplastic Syndrome,High-Risk Acute Myeloid Leukaemia;;High-Risk Myelodysplastic Syndrome,1.0,1.0,1.0000000000000002,True,1.0,1.0
default_model,377743,Adult Relapsed/Refractory Ph Chromosome-Negative CD22-Positive B-Cell Precursor Acute Lymphoblastic Leukemia,Adult Relapsed Or Refractory Ph-Negative Cd22-Positive B-Cell Precursor Acute Lymphoblastic Leukemia,0.9230769230769231,0.4861555413051454,0.8586557982260813,False,0.6363636363636364,1.08
default_model,164756,TB Meningitis,Tuberculous Meningitis,0.7428571428571429,0.1495348781221221,0.33609692727625756,False,0.5,0.5909090909090909
default_model,263060,Adult Burkitt Lymphoma,Adult Burkitt Lymphoma,1.0,0.5623413251903491,1.0000000000000002,True,1.0,1.0
default_model,344993,Lung Cancer,Lung Cancer,1.0,0.316227766016838,1.0000000000000002,True,1.0,1.0
default_model,263082,Elderly Newly Diagnosed Diffuse Large B-Cell Lymphoma,Elderly Newly Diagnosed Diffuse Large B-Cell Lymphoma,1.0,1.0,1.0000000000000004,True,1.0,1.0
default_model,148407,Sickle Cell Disease,Sickle Cell Disease,1.0,0.5623413251903491,1.0000000000000002,True,1.0,1.0
default_model,181176,Sickle Cell Disease,Sickle Cell Disease,1.0,0.5623413251903491,1.0000000000000002,True,1.0,1.0
default_model,295865,Resected Stage I-III Colorectal Cancer,Resected Stage I-III Colorectal Cancer,1.0,1.0,1.0000000000000002,True,1.0,1.0
default_model,328644,Myelodysplastic Syndrome,Myelodysplastic Syndrome,1.0,0.316227766016838,1.0000000000000002,True,1.0,1.0
default_model,312263,Osteoarthritis;;At-Risk Osteoarthritis,Osteoarthritis ,0.5384615384615384,0.1495348781221221,0.7092972666062738,False,1.0,2.7142857142857144
default_model,394187,Young Onset Pancreatic Adenocarcinoma,Young Onset Pancreatic Adenocarcinoma,1.0,1.0,1.0,True,1.0,1.0
default_model,230348,Grade II Glioma;;Grade III Glioma,Grade 2 Grade 3 Central Nervous System Tumor,0.44155844155844154,0.029486824119076216,0.29121941856368977,False,0.14285714285714285,0.75
default_model,213966,Hypoactive Sexual Desire Disorder,Hypoactive Sexual Desire Disorder,1.0,1.0,1.0,True,1.0,1.0
default_model,148434,11q23-Rearranged Acute Leukemia,11Q23 Rearranged Acute Leukemia,0.967741935483871,0.17216896116316355,1.0,False,0.5,1.0
default_model,394195,Pancreatic Adenocarcinoma,Pancreatic Adenocarcinoma,1.0,0.316227766016838,1.0000000000000002,True,1.0,1.0
default_model,345045,Multiple Myeloma,Multiple Myeloma,1.0,0.316227766016838,1.0000000000000002,True,1.0,1.0
default_model,230358,High Grade Glioma,High-Grade Glioma,0.9411764705882353,0.11362193664674995,1.0000000000000002,False,0.5,1.0
default_model,230361,Central Nervous System Tumor,Brain Injury,0.3,0.0,0.0,False,0.0,2.3333333333333335
default_model,345049,Pancreatic Cancer,Pancreatic Cancer,1.0,0.316227766016838,1.0000000000000002,True,1.0,1.0
default_model,377819,Sickle Cell Disease,Sickle Cell Disease,1.0,0.5623413251903491,1.0000000000000002,True,1.0,1.0
default_model,181215,Pediatric Primary Hemophagocytic Lymphohistiocytosis,Pediatric Primary Hemophagocytic Lymphohistiocytosis,1.0,1.0,1.0,True,1.0,1.0
default_model,213985,Adult Polycystic Kidney Disease,Adult Polycystic Kidney Disease,1.0,1.0,1.0,True,1.0,1.0
default_model,181218,B-Cell Lymphoma,B-Cell Lymphoma,1.0,0.316227766016838,1.0000000000000002,True,1.0,1.0
default_model,181219,Acquired/Congenital Immunodeficiency Disorder,Acquired Immunodeficiency Disorder;;Congenital Immunodeficiency Disorder,0.7521367521367521,0.12336445138236939,0.9486832980505138,False,0.5,0.625
default_model,328676,Cerebrovascular Accident;;Myelodysplastic Syndrome,Myelodysplastic Syndrome,0.6486486486486487,0.11362193664674995,0.5797386715376658,False,0.5,2.0833333333333335
default_model,213989,Recurrent Urinary Tract Infection,Recurrent Urinary Tract Infection,1.0,1.0,1.0,True,1.0,1.0
default_model,295910,Cancer,Cancer,1.0,0.1778279410038923,1.0,True,1.0,1.0
default_model,213982,End-Stage Renal Disease,End-Stage Renal Disease,1.0,0.5623413251903491,1.0,True,1.0,1.0
default_model,295920,Oligometastatic Breast Cancer;;Oligoprogressive Breast Cancer,Oligometastatic Disease;;Breast Cancer,0.5858585858585859,0.06389431042462725,0.676628251794108,False,0.6666666666666666,1.605263157894737
default_model,263162,Anemia;;Systemic Sclerosis,Systemic Sclerosis,0.8181818181818182,0.1495348781221221,0.7092972666062739,False,0.5,1.4444444444444444
default_model,410619,Distal Renal Tubular Acidosis,Distal Renal Tubular Acidosis,1.0,1.0,1.0,True,1.0,1.0
default_model,410621,Severe Hyponatremia,Severe Hyponatremia,1.0,0.316227766016838,1.0000000000000002,True,1.0,1.0
default_model,263163,Anemia;;Systemic Sclerosis,Systemic Sclerosis,0.8181818181818182,0.1495348781221221,0.7092972666062739,False,0.5,1.4444444444444444
default_model,214013,Persistent Sexual Dysfunction,Sexual Dysfunction,0.7659574468085106,0.24028114141347542,0.7092972666062739,False,1.0,1.6111111111111112
default_model,394242,Young Adult Lung Cancer,Young Adult Lung Cancer,1.0,1.0,1.0,True,1.0,1.0
default_model,328700,Chronic Lymphocytic Leukemia,Chronic Lymphocytic Leukemia,1.0,0.5623413251903491,1.0000000000000002,True,1.0,1.0
default_model,328712,Chronic Lymphocytic Leukemia,Chronic Lymphocytic Leukemia,1.0,0.5623413251903491,1.0000000000000002,True,1.0,1.0
default_model,181258,Severe Von Willebrand Disease,Severe Von Willebrand Disease,1.0,1.0,1.0,True,1.0,1.0
default_model,345103,Primary Renal Cell Carcinoma;;Bone Metastatic Lesion,Renal Cell Carcinoma,0.5555555555555556,0.08633400213704504,0.5245910904457137,False,0.6666666666666666,2.6
default_model,377875,Von Willebrand Disease,Von Willebrand Disease,1.0,0.5623413251903491,1.0000000000000002,True,1.0,1.0
default_model,148508,B Thalassemia,B Thalassemia,1.0,0.316227766016838,1.0,True,1.0,1.0
default_model,328738,COVID-19;;Chronic Lymphocytic Leukemia,Chronic Lymphocytic Leukemia,0.8484848484848485,0.24028114141347542,0.6569729210330907,False,0.6666666666666666,1.3571428571428572
default_model,263205,First-Line Advanced Stage Follicular Lymphoma,First-Line Advanced Stage Folicular Lymphoma,0.9887640449438202,0.28574404296988,0.7168117414430624,False,0.8,1.0227272727272727
default_model,312364,Polymyalgia Rheumatica,Polymyalgia Rheumatica,1.0,0.316227766016838,1.0000000000000002,True,1.0,1.0
default_model,295985,HR+/HER2- Advanced Breast Cancer,HR-Positive HER2 Advanced Breast Cancer,0.8169014084507042,0.3096787331587729,0.8466473536503037,False,0.6,0.8205128205128205
default_model,394296,Metastatic Castration-Sensitive Prostate Cancer;;Metastatic Castration-Resistant Prostate Cancer,Metastatic Castration-Sensitive Prostate Cancer,0.6573426573426573,0.1944130841813964,0.9239805167966916,False,1.0,2.0425531914893615
default_model,345147,BRCA-Mutated Ovarian Cancer,Ovarian Cancer,0.6829268292682927,0.24028114141347542,0.5797386715376658,False,1.0,1.9285714285714286
default_model,377920,Atypical Chronic Myeloid Leukemia;;Autoimmune Disease,Atypical Chronic Myeloid Leukemia;;Autoimmune Disease,1.0,1.0,1.0000000000000002,True,1.0,1.0
default_model,263238,Hematologic Malignancy;;Severe Infection,Hematologic Malignancy,0.7096774193548387,0.11362193664674995,0.5797386715376658,False,0.5,1.8181818181818181
default_model,410696,Late Onset Lupus Nephritis;;Acute Decompensated Heart Failure,Late-Onset Lupus Nephritis,0.5747126436781609,0.033031643180138064,0.5797386715376657,False,0.3333333333333333,2.3461538461538463
default_model,164938,Cancer,Cancer,1.0,0.1778279410038923,1.0,True,1.0,1.0
default_model,345167,Pancreatic Cancer;;Cancer-Associated Cachexia,Cancer-Associated Cachexia,0.7323943661971831,0.11362193664674995,0.8177583245211001,False,0.5,1.7307692307692308
default_model,263249,Tp53-Mutated B-Cell Lymphoma,B-Cell Lymphoma,0.6976744186046512,0.24028114141347542,0.5797386715376658,False,1.0,1.8666666666666667
default_model,263250,Indolent B-Cell Non-Hodgkin's Lymphoma;;Aggressive B-Cell Non-Hodgkin's Lymphoma,Indolent Aggressive B-cell non-Hodgkin lymphoma,0.7401574803149606,0.043472087194499145,0.9622504486493765,False,0.6,1.702127659574468
default_model,410708,Porphyria Cutanea Tarda;;Systemic Lupus Erythematosus;;Nephritic Syndrome,Porphyria Cutanea Tarda;;Systemic Lupus Erythematosus;;Nephritic Syndrome,1.0,1.0,1.0000000000000002,True,1.0,1.0
default_model,279637,Relapsed/Refractory Mantle Cell Lymphoma,Relapsed/Refractory Mantle Cell Lymphoma,1.0,1.0,1.0000000000000002,True,1.0,1.0
default_model,181344,Adult Severe Aplastic Anemia,Adult Severe Aplastic Anemia,1.0,1.0,1.0,True,1.0,1.0
default_model,148578,Childhood Acute Pancreatitis;;Childhood Acute Lymphoblastic Leukemia,Childhood Acute Pancreatitis;;Acute Lymphoblastic Leukemia,0.9206349206349206,0.12209471671615688,0.959403223600247,False,0.8,1.1724137931034482
default_model,328806,Multiple Myeloma,Multiple Myeloma,1.0,0.316227766016838,1.0000000000000002,True,1.0,1.0
default_model,214129,Prostate Cancer,Prostate Cancer,1.0,0.316227766016838,1.0000000000000002,True,1.0,1.0
default_model,296059,High-Risk Breast Cancer,High Risk Breast Cancer ,0.9565217391304348,0.17216896116316355,1.0,False,0.5,1.0
default_model,296071,Unresectable Primary Basal Cell Carcinoma,Primary Basal Cell Carcinoma,0.8115942028985508,0.668740304976422,0.8181802073667197,False,1.0,1.4642857142857142
default_model,394376,Very High-Risk Clear Cell Renal Cell Cancer,Resected Very High-Risk Renal Cell Cancer,0.7619047619047619,0.20556680845025987,0.748195020164401,False,0.8333333333333334,1.048780487804878
default_model,230538,Tumor,Cancer,0.18181818181818182,0.0,0.0,False,0.0,0.8333333333333334
default_model,165004,Pediatric Viral Infection,Pediatric Viral Infection,1.0,0.5623413251903491,1.0000000000000002,True,1.0,1.0
default_model,345225,Breast Cancer,Breast Cancer,1.0,0.316227766016838,1.0000000000000002,True,1.0,1.0
default_model,263309,Multiple Myeloma,Multiple Myeloma,1.0,0.316227766016838,1.0000000000000002,True,1.0,1.0
default_model,263312,Adult Relapsed/Refractory Multiple Myeloma,Adult Relapsed/Refractory Multiple Myeloma,1.0,1.0,1.0000000000000002,True,1.0,1.0
default_model,296081,HER2-Positive Metastatic Colorectal Cancer,HER2-Positive Metastatic Colorectal Cancer,1.0,1.0,1.0000000000000002,True,1.0,1.0
default_model,296082,Metastatic Non-Small Cell Lung Cancer,Lung Disease,0.2857142857142857,0.05372849659117709,0.1757860783933462,False,0.5,3.0833333333333335
default_model,296084,Elderly Metastatic Colorectal Cancer,Elderly Metastatic Colorectal Cancer,1.0,1.0,1.0,True,1.0,1.0
default_model,263316,Heavily Pretreated Multiple Myeloma,Heavily Pretreated Multiple Myeloma,1.0,1.0,1.0,True,1.0,1.0
default_model,148631,Diffuse Large B-Cell Lymphoma,Diffuse Large B-Cell Lymphoma,1.0,1.0,1.0,True,1.0,1.0
default_model,312472,Ear Chondritis,Ear Chondritis,1.0,0.316227766016838,1.0000000000000002,True,1.0,1.0
default_model,410777,De Novo Pediatric Atypical Hemolytic Uremic Syndrome,De Novo Pediatric Atypical Hemolytic Uremic Syndrome,1.0,1.0,1.0000000000000004,True,1.0,1.0
default_model,148636,Aggressive Non-Hodgkin Lymphoma,Aggressive Non-Hodgkin Lymphoma,1.0,0.5623413251903491,1.0,True,1.0,1.0
default_model,263328,Newly Diagnosed Multiple Myeloma with Dialysis-Dependent Renal Impairment,Newly Diagnosed Multiple Myeloma,0.6095238095238096,0.345720784641941,0.5368927118515179,False,1.0,2.28125
default_model,296096,First-Line Extensive Stage Small Cell Lung Cancer,Extensive Stage Small Cell Lung Cancer ,0.8735632183908046,0.8091067115702212,0.7765145304745156,False,1.0,1.2894736842105263
default_model,165030,Pediatric COVID-19,COVID-19 Infection,0.4444444444444444,0.1495348781221221,0.5031026124151314,False,0.5,1.0
default_model,328871,Multiple Myeloma,Multiple Myeloma,1.0,0.316227766016838,1.0000000000000002,True,1.0,1.0
default_model,148649,Elderly High Grade Diffuse Large B-Cell Lymphoma,Elderly High Grade Diffuse Large B-Cell Lymphoma,1.0,1.0,1.0000000000000004,True,1.0,1.0
default_model,148651,Newly Diagnosed High-Risk Diffuse Large B-Cell Lymphoma,Newly-Diagnosed High-Risk Diffuse Large B-Cell Lymphoma,0.9818181818181818,0.6147881529512643,1.0000000000000002,False,0.8333333333333334,1.0
default_model,230572,Metastatic Colorectal Cancer,Metastatic Colorectal Cancer,1.0,0.5623413251903491,1.0000000000000002,True,1.0,1.0
default_model,181422,B-Cell Lymphoma,B-Cell Lymphoma,1.0,0.316227766016838,1.0000000000000002,True,1.0,1.0
default_model,296109,Cancer,Cancer,1.0,0.1778279410038923,1.0,True,1.0,1.0
default_model,148656,Mild Haemophilia A With Inhibitors,Mild Haemophilia A,0.6923076923076923,0.26591479484724945,0.5797386715376658,False,1.0,1.8888888888888888
default_model,279728,Hematological Malignancy,Hematological Malignancy ,1.0,0.316227766016838,1.0000000000000002,True,1.0,1.0
default_model,214197,Node-Positive Prostate Cancer,Node-Positive Prostate Cancer,1.0,0.5623413251903491,1.0,True,1.0,1.0
default_model,230598,Resectable BRAF V600E-Mutated Colorectal Cancer,BRAF V600E-mutated Resectable Colorectal Cancer,0.7659574468085106,0.16990442448471224,1.0000000000000002,False,1.0,1.0
default_model,378058,Relapsed Chronic Lymphocytic Leukemia,Chronic Lymphocytic Leukemia,0.8615384615384616,0.3976353643835253,0.7765145304745156,False,1.0,1.3214285714285714
default_model,279755,High-Risk Acute Myeloid Leukaemia,High-Risk Acute Myeloid Leukemia,0.9846153846153847,0.3976353643835253,0.6694188517266485,False,0.75,1.03125
default_model,181452,Ph Chromosome-Positive Acute Lymphoblastic Leukemia,Ph-Positive Acute Lymphoblastic Leukemia,0.8791208791208791,0.26591479484724945,0.8466473536503037,False,0.75,1.275
default_model,181453,Measurable Residual Disease-Positive B-Cell Acute Lymphoblastic Leukemia,MRD-Positive B-Cell Acute Lymphoblastic Leukemia,0.8,0.41113361690051975,0.5727393584196199,False,0.8,1.5
default_model,263373,Primary Myelofibrosis,Adult Primary Myelofibrosis,0.875,0.19180183554164504,0.7092972666062739,False,0.6666666666666666,0.7777777777777778
default_model,148685,Large Granular Lymphocytic Leukemia;;Pure Red Cell Aplasia,Large Granular Lymphocytic Leukemia;;Pure Red Cell Aplasia,1.0,1.0,1.0000000000000002,True,1.0,1.0
default_model,279766,Multiple Myeloma, COVID;;Multiple Myeloma,0.8205128205128205,0.1495348781221221,0.7092972666062739,False,0.5,0.6956521739130435
default_model,214230,Localized Kidney Cancer,Kidney Cancer,0.7222222222222222,0.24028114141347542,0.7092972666062739,False,1.0,1.7692307692307692
default_model,230619,Early Onset Colorectal Cancer,Early-Onset Colorectal Cancer,0.9655172413793104,0.16990442448471224,1.0,False,0.6666666666666666,1.0
default_model,197852,Neuropsychiatric Disorder,Neuropsychiatric Disorder,1.0,0.316227766016838,1.0000000000000002,True,1.0,1.0
default_model,328928,Multiple Myeloma,Multiple Myeloma,1.0,0.316227766016838,1.0000000000000002,True,1.0,1.0
default_model,296164,Class II Expressing Microsatellite Stable Colorectal Cancer,Microsatellite Stable pMMR Colorectal cancer,0.7572815533980582,0.09878765474230743,0.5193879933129156,False,0.8,1.3409090909090908
default_model,197861,No indication found,Prenatal Cannabis Exposure,0.3111111111111111,0.0,0.0,False,0.0,0.7307692307692307
default_model,148704,Immunodeficiency;;Chronic Lymphocytic Leukemia,Chronic Lymphocytic Leukaemia,0.7466666666666667,0.11362193664674995,0.4112070550676187,False,0.3333333333333333,1.5862068965517242
default_model,148706,Chronic Myeloid Leukemia,Chronic Myeloid Leukemia,1.0,0.5623413251903491,1.0000000000000002,True,1.0,1.0
default_model,296166,Breast Cancer,Breast Cancer,1.0,0.316227766016838,1.0000000000000002,True,1.0,1.0
default_model,296175,First-Line Metastatic Colorectal Cancer,First-Line Metastatic Colorectal Cancer,1.0,1.0,1.0000000000000002,True,1.0,1.0
default_model,197882,Mesial Temporal Lobe Epilepsy,Mesial Temporal Lobe Epilepsy,1.0,1.0,1.0,True,1.0,1.0
default_model,148732,Pediatric Anemia Of Unknown Etiology,Childhood Anemia,0.3076923076923077,0.05372849659117709,0.19431434016858148,False,0.5,2.25
default_model,394495,Small Cell Lung Cancer,Small Cell Lung Cancer,1.0,1.0,1.0,True,1.0,1.0
default_model,181510,Childhood Acute Myeloid Leukemia,Childhood Acute Myeloid Leukemia,1.0,1.0,1.0,True,1.0,1.0
default_model,181511,ALK Fusion-Positive Monosomy 7 Acute Myeloid Leukemia,Acute Myeloid Leukemia,0.5866666666666667,0.16348126556655487,0.5245910904457137,False,1.0,2.409090909090909
default_model,328968,Relapsed/Refractory Multiple Myeloma,Relapsed/Refractory Multiple Myeloma,1.0,0.5623413251903491,1.0,True,1.0,1.0
default_model,165128,Adult Herpes Zoster,Herpes Zoster Infection,0.6190476190476191,0.24028114141347542,0.5031026124151314,False,0.6666666666666666,0.8260869565217391
default_model,296202,Extensive Small-Cell Lung Cancer,Extensive Stage Small-Cell Lung Cancer,0.9142857142857143,0.3327714551776235,0.8466473536503037,False,0.8,0.8421052631578947
default_model,148747,Newly Diagnosed Advanced Stage Hodgkin Lymphoma,Newly Diagnosed Advanced-Stage Hodgkin Lymphoma,0.9787234042553191,0.12209471671615688,1.0000000000000002,False,0.8,1.0
default_model,312583,Breast Cancer,Early Breast Cancer,0.8125,0.19180183554164504,0.7092972666062739,False,0.6666666666666666,0.6842105263157895
default_model,378125,Adult Acute Lymphoblastic Leukemia,Acute Lymphoblastic Leukemia,0.9032258064516129,0.3976353643835253,0.7765145304745157,False,1.0,1.2142857142857142
default_model,312590,Breast Cancer,Breast Cancer,1.0,0.316227766016838,1.0000000000000002,True,1.0,1.0
default_model,263441,Sickle Cell Disease,Sickle Cell Disease,1.0,0.5623413251903491,1.0000000000000002,True,1.0,1.0
default_model,296214,Metastatic Uveal Melanoma,Metastatic Uveal Melanoma,1.0,0.5623413251903491,1.0000000000000002,True,1.0,1.0
default_model,378137,Graft-Versus-Host Disease,Graft-Versus-Host Disease,1.0,0.316227766016838,1.0,True,1.0,1.0
default_model,296217,High-Risk Stage III Melanoma,High-Risk Stage III Melanoma,1.0,1.0,1.0000000000000002,True,1.0,1.0
default_model,410917,Hospital-Acquired Acute Kidney Injury,Acute Kidney Injury,0.6785714285714286,0.3976353643835253,0.6569729210330907,False,1.0,1.9473684210526316
default_model,230700,Metastatic Pancreatic Cancer,Metastatic Pancreatic Cancer,1.0,0.5623413251903491,1.0000000000000002,True,1.0,1.0
default_model,230706,Second-Line Advanced Metastatic Esophageal Squamous Cell Carcinoma,Second-Line Advanced or Metastatic Esophageal Squamous Cell Carcinoma,0.9777777777777777,0.6129752413741056,0.8955324150715728,False,0.875,0.9565217391304348
default_model,214324,Intermediate-Risk Prostate Cancer,Intermediate-Risk Prostate Cancer,1.0,0.5623413251903491,1.0,True,1.0,1.0
default_model,329014,Hypercalcemia;;Monoclonal Gammopathy of Undetermined Significance,Monoclonal Gammopathy,0.4883720930232558,0.05372849659117709,0.4494364165239822,False,0.5,3.0952380952380953
default_model,181569,Diffuse Large B Cell Lymphoma,Diffuse Large B Cell Lymphoma,1.0,1.0,1.0,True,1.0,1.0
default_model,148806,High-Risk Myelodysplastic Syndrome,High-Risk Myelodysplastic Syndrome,1.0,0.5623413251903491,1.0,True,1.0,1.0
default_model,148807,Myelodysplastic Syndrome,Myelodysplastic Syndrome,1.0,0.316227766016838,1.0000000000000002,True,1.0,1.0
default_model,214345,Bladder Cancer,Bladder Cancer,1.0,0.316227766016838,1.0000000000000002,True,1.0,1.0
default_model,312650,Breast Cancer,Breast Cancer,1.0,0.316227766016838,1.0000000000000002,True,1.0,1.0
default_model,181581,Elderly High-Risk Mantle Cell Lymphoma,High-Risk Elderly Mantle Cell Lymphoma,0.7894736842105263,0.3021375397356768,1.0000000000000002,False,1.0,1.0
default_model,148814,ESA-Naive Anemia due to Lower-Risk Myelodysplastic Syndrome Requiring RBC Transfusions,Low-Risk Myelodysplastic Syndrome,0.5546218487394958,0.0446323613785333,0.2950587190413172,False,0.6666666666666666,2.606060606060606
default_model,394576,No indication found,Peripheral Neuropathy,0.2,0.0,0.0,False,0.0,0.9047619047619048
default_model,263509,Primary Mediastinal B-Cell Lymphoma,Primary Mediastinal B-Cell Lymphoma,1.0,1.0,1.0,True,1.0,1.0
default_model,394584,Geriatric Malignant Neoplasm of the Digestive System,Malignant Neoplasm,0.5142857142857142,0.06985342056580097,0.4103626449521848,False,1.0,2.888888888888889
default_model,263513,Ubtf-Atxn7L3 Fusion-Positive High-Risk Acute Lymphoblastic Leukemia,High-Risk Acute Lymphoblastic Leukemia,0.7238095238095238,0.5081327481546147,0.6225407468137513,False,1.0,1.763157894736842
default_model,230744,Biliary Tract Cancer;;Cancer-Associated Thrombosis,Cancer-Associated Thrombosis;;Biliary Tract Cancer,0.56,0.08034284189446518,1.0000000000000002,False,0.25,1.0
default_model,197976,No indication found,Trauma,0.16,0.0,0.0,False,0.0,3.1666666666666665
default_model,296288,Recurrent/Metastatic Squamous Cell Carcinoma of the Head and Neck,Recurrent or Metastatic Squamous Cell Carcinoma of the Head and Neck,0.9624060150375939,0.6913086465463161,0.9138106509294464,False,0.7272727272727273,0.9558823529411765
default_model,148828,First-Line Multiple Myeloma,First-Line Multiple Myeloma,1.0,0.5623413251903491,1.0,True,1.0,1.0
default_model,230749,Hyperprogressive Hepatocellular Carcinoma,Hepatocellular Carcinoma,0.7384615384615385,0.24028114141347542,0.7092972666062739,False,1.0,1.7083333333333333
default_model,148829,Multiple Myeloma,Multiple Myeloma,1.0,0.316227766016838,1.0000000000000002,True,1.0,1.0
default_model,296292,Hepatocellular Carcinoma,hepatocellular carcinoma,1.0,0.316227766016838,1.0000000000000002,True,1.0,1.0
default_model,279909,Pediatric Immunodeficiency-Related Lymphoproliferative Disorder,Immunodeficiency-Related Lymphoproliferative Disorder,0.9137931034482759,0.3976353643835253,0.8181802073667197,False,1.0,1.1886792452830188
default_model,378207,Infection;;Chronic Lymphocytic Leukemia,Chronic Lymphocytic Leukemia,0.835820895522388,0.24028114141347542,0.7765145304745157,False,0.6666666666666666,1.3928571428571428
default_model,345465,Colorectal Cancer,Colorectal Cancer,1.0,0.316227766016838,1.0000000000000002,True,1.0,1.0
default_model,214394,Familial ATM-Mutated High-Risk Prostate Cancer,Familial Prostate Cancer ,0.6857142857142857,0.12574334296829354,0.5245910904457137,False,1.0,1.9166666666666667
default_model,394619,Venous Thromboembolism;;Advanced High Grade Ovarian Carcinoma,Advanced High Grade Ovarian Carcinoma,0.7551020408163265,0.5081327481546147,0.7474073540060465,False,0.8,1.6486486486486487
default_model,148861,Multiple Myeloma,Multiple Myeloma,1.0,0.316227766016838,1.0000000000000002,True,1.0,1.0
default_model,181632,Relapsed/Refractory Non-Hodgkin Lymphoma,Relapsed/Refractory Non-Hodgkin Lymphoma,1.0,0.5623413251903491,1.0000000000000002,True,1.0,1.0
default_model,198019,Chronic Multisite Musculoskeletal Pain,Chronic Multisite Musculoskeletal Pain;;Childhood Trauma,0.8085106382978723,0.3096787331587729,0.7092972666062738,False,0.6,0.6785714285714286
default_model,329094,Relapsed/Refractory Multiple Myeloma,Relapsed/Refractory Multiple Myeloma,1.0,0.5623413251903491,1.0,True,1.0,1.0
default_model,148870,Relapsed/Refractory Multiple Myeloma,Relapsed/Refractory Multiple Myeloma,1.0,0.5623413251903491,1.0,True,1.0,1.0
default_model,312715,Metastatic ER-Positive/HER2-Negative Breast Cancer,Metastatic Breast Cancer,0.6486486486486487,0.1880301546543197,0.5245910904457137,False,1.0,2.0833333333333335
